<launch>
  <arg name="base"/>
  <arg name="3d_sensor"/>
  <arg name="stacks"/>
  <arg name="lasers"/>
  <arg name="arms"/>
  <arg name="heads"/>

  <arg name="urdf_file" default="$(find xacro)/xacro '$(find jupiterobot_description)/robots/jupiterobot_$(arg stacks)_$(arg lasers)_$(arg arms)_$(arg heads).urdf.xacro'"/>
  <param name="robot_description" command="$(arg urdf_file)"/>

  <!-- Gazebo model spawner -->
  <node name="spawn_turtlebot_model" pkg="gazebo_ros" type="spawn_model"
        args="$(optenv ROBOT_INITIAL_POSE) -unpause -urdf -param robot_description -model mobile_base"/>

  <!-- Velocity muxer -->
  <node pkg="nodelet" type="nodelet" name="mobile_base_nodelet_manager" args="manager"/>
  <node pkg="nodelet" type="nodelet" name="cmd_vel_mux"
        args="load yocs_cmd_vel_mux/CmdVelMuxNodelet mobile_base_nodelet_manager">
    <param name="yaml_cfg_file" value="$(find turtlebot_bringup)/param/mux.yaml"/>
    <remap from="cmd_vel_mux/output" to="mobile_base/commands/velocity"/>
  </node>

  <!-- Bumper/cliff to pointcloud (not working, as it needs sensors/core messages) -->
  <include file="$(find turtlebot_bringup)/launch/includes/kobuki/bumper2pc.launch.xml"/>
</launch>
