<!--
  Collection of robot-centric definitions and nodes for the turtlebot. 
 -->
<launch>
  <arg name="base"/>
  <arg name="3d_sensor"/>
  <arg name="stacks"/>
  <arg name="lasers"/>
  <arg name="arms"/>
  <arg name="heads"/>
  
  <include file="$(find jupiterobot_bringup)/launch/includes/description.launch.xml">
    <arg name="base"      value="$(arg base)" />
    <arg name="3d_sensor" value="$(arg 3d_sensor)" />
    <arg name="stacks"    value="$(arg stacks)" />
    <arg name="lasers"    value="$(arg lasers)" />
    <arg name="arms"      value="$(arg arms)" />
    <arg name="heads"     value="$(arg heads)" />
  </include>

  <!-- important generally, but specifically utilised by the current app manager -->  
  <param name="robot/name" value="$(optenv ROBOT jupiterobot)"/>
  <param name="robot/type" value="jupiterobot"/>
  
  <node pkg="robot_state_publisher" type="robot_state_publisher" name="robot_state_publisher">
    <param name="publish_frequency" type="double" value="5.0" />
  </node>
  <node pkg="diagnostic_aggregator" type="aggregator_node" name="diagnostic_aggregator" >
    <rosparam command="load" file="$(find turtlebot_bringup)/param/$(arg base)/diagnostics.yaml" />
  </node>
</launch>
